{
    "LoginInputs-Username" : "Username",
    "Tablenames-type": "Type", 
    "Tablenames-types": "Types",    
    "Tablenames-code": "Code", 
    "Tablenames-icon": "Icon", 
    "Tablenames-name": "Name",    
    "Tablenames-dateTime": "Date Time",
    "Tablenames-text": "Text",
    "Tablenames-year": "Year",
    "Tablenames-chf": "Chf",
    "Tablenames-function": "Function",
    "Tablenames-planningItAppNames": "planning It App Names",
    "Tablenames-status": "Status",
    "Tablenames-summary": "Summary",
    "Tablenames-customerName": "Customer",
    "Tablenames-businessUnit": "Business Unit",
    "Tablenames-enabled": "Enabled",
    "Tablenames-customerNameLevelMinusOne": "CCL-1",
    "Tablenames-customerNameLevelMinusTwo": "CCL-2",
    "Tablenames-description": "Description",
    "Tablenames-reference": "Reference",
    "Tablenames-planningItAppsIds" : "App Ids",
    "Tablenames-samAccountName": "User Name",
    "Tablenames-created": "Created",
    "Tablenames-updated": "Last Update", 
    "Tablenames-id": "Id",   
    "Generic Download CSV": "Download Table",
    "/////////////////////////////////////////////// URLS" : "",
    "Confluence Home" : "https://confluence.zurich.com/display/DOCP/User+Guide",
    
    "///////////////////////////////////////////////Error Msgs" : "",
    "Error Generic" : "Something went wrong; please close this dialog in order to refresh this page and try again. Thank you."



}